HLA,peptide,amplitude,immunogenic
HLA-A*02:01,ALWEIQQVV,148780.487804878,YES
HLA-A*02:06,ALWEIQQVV,67477.8761061947,YES
HLA-A*02:02,ALWEIQQVV,52495.6970740103,YES
HLA-A*02:03,ALWEIQQVV,41666.6666666667,YES
HLA-A*69:01,ALWEIQQVV,4365.24974953485,NO
HLA-A*68:02,ALWEIQQVV,1206.72601384768,NO
HLA-B*15:01,ALWEIQQVV,870.309601940362,NO
