HLA,peptide,amplitude,immunogenic
HLA-A*30:02,ATSRTLSYY,34156.6265060241,YES
HLA-A*01:01,ATSRTLSYY,7017.32673267327,NO
HLA-A*11:01,ATSRTLSYY,3457.31707317073,NO
HLA-A*29:02,ATSRTLSYY,3083.19738988581,NO
HLA-A*26:01,ATSRTLSYY,2629.87012987013,NO
HLA-A*03:01,ATSRTLSYY,1727.078891258,NO
HLA-A*68:01,ATSRTLSYY,568.193205732037,NO
HLA-A*31:01,ATSRTLSYY,229.137199434229,NO
