HLA,peptide,amplitude,immunogenic
HLA-B*07:02,FPPTSFGPL,19859.1549295775,YES
HLA-B*51:01,FPPTSFGPL,9625.21750769643,YES
HLA-B*54:01,FPPTSFGPL,7998.88765294772,YES
HLA-B*35:01,FPPTSFGPL,5454.33859223301,NO
HLA-C*14:02,FPPTSFGPL,2333.37659809202,NO
HLA-C*04:01,FPPTSFGPL,1833.50331463539,NO
HLA-A*69:01,FPPTSFGPL,1478.23048143732,NO
HLA-B*45:06,FPPTSFGPL,647.132405215936,NO
HLA-B*15:42,FPPTSFGPL,589.011025015153,NO
HLA-A*11:01,FPPTSFGPL,181.794739556472,NO
