HLA,peptide,amplitude,immunogenic
HLA-B*54:01,FPRGQGVPI,366701.570680628,YES
HLA-B*07:02,FPRGQGVPI,322764.976958525,YES
HLA-B*51:01,FPRGQGVPI,92401.055408971,YES
HLA-B*08:01,FPRGQGVPI,16356.8425969173,YES
HLA-B*35:01,FPRGQGVPI,15936.2912400455,YES
HLA-B*53:01,FPRGQGVPI,12168.1723419041,YES
HLA-A*02:01,FPRGQGVPI,345.402361202892,NO
