HLA,peptide,amplitude,immunogenic
HLA-A*02:01,ILHCANFNV,883.116883116883,NO
HLA-A*02:02,ILHCANFNV,677.70622508433,NO
HLA-A*02:03,ILHCANFNV,540.871267743514,NO
HLA-A*02:06,ILHCANFNV,492.259717117719,NO
HLA-A*69:01,ILHCANFNV,156.976950669461,NO
HLA-A*68:02,ILHCANFNV,108.176901049952,NO
HLA-A*31:01,ILHCANFNV,32.4525143356412,NO
