HLA,peptide,amplitude,immunogenic
HLA-A*02:01,KLWAQCVQL,8470.3196347032,YES
HLA-A*02:06,KLWAQCVQL,3207.26172465961,NO
HLA-A*02:02,KLWAQCVQL,2765.56093924711,NO
HLA-A*02:03,KLWAQCVQL,1369.76186080857,NO
HLA-A*31:01,KLWAQCVQL,438.236423234799,NO
HLA-A*03:01,KLWAQCVQL,200.326678275895,NO
