HLA,peptide,amplitude,immunogenic
HLA-B*45:01,SELVIGAVI,6814.81481481481,NO
HLA-B*40:02,SELVIGAVI,5101.66358595194,NO
HLA-B*40:01,SELVIGAVI,4360.18957345972,NO
HLA-B*18:01,SELVIGAVI,1002.90697674419,NO
HLA-B*44:02,SELVIGAVI,986.771540936718,NO
HLA-B*44:03,SELVIGAVI,970.1230228471,NO
