HLA,peptide,amplitude,immunogenic
HLA-A*02:01,VLWAHGFEL,214698.795180723,YES
HLA-A*02:06,VLWAHGFEL,79910.3139013453,YES
HLA-A*02:02,VLWAHGFEL,77478.2608695652,YES
HLA-A*02:03,VLWAHGFEL,20490.6094289,YES
HLA-A*69:01,VLWAHGFEL,7822.65144863916,YES
HLA-B*08:01,VLWAHGFEL,4336.11809554708,NO
HLA-A*24:02,VLWAHGFEL,2853.33048676345,NO
HLA-B*15:01,VLWAHGFEL,2242.44966442953,NO
HLA-A*31:01,VLWAHGFEL,2140.02642007926,NO
HLA-A*68:02,VLWAHGFEL,1790.53488294202,NO
HLA-B*58:01,VLWAHGFEL,1256.34517766497,NO
HLA-A*03:01,VLWAHGFEL,1169.87986082237,NO
HLA-A*01:01,VLWAHGFEL,935.940755265323,NO
