HLA,peptide,amplitude,immunogenic
HLA-A*26:01,YIFFASFYY,4624.2774566474,NO
HLA-A*68:01,YIFFASFYY,2176.87074829932,NO
HLA-A*11:01,YIFFASFYY,1927.24644663936,NO
HLA-A*03:01,YIFFASFYY,1020.01785031238,NO
HLA-A*33:01,YIFFASFYY,608.920688080378,NO
HLA-B*15:01,YIFFASFYY,607.302816366811,NO
HLA-B*58:01,YIFFASFYY,376.931775348662,NO
HLA-A*31:01,YIFFASFYY,283.065600452905,NO
HLA-A*69:01,YIFFASFYY,271.315200434104,NO
