HLA,peptide,amplitude,immunogenic
HLA-A*02:01,ILKEPVHGV,30531.3351498638,YES
HLA-A*03:01,FLGKIWPSYK,21546.7961890529,YES
HLA-A*02:01,VLAEAMSQV,7000,NO
HLA-A*02:01,KLTPLCVTL,5757.80089153046,NO
HLA-A*02:01,SLYNTVATL,5483.19327731092,NO
HLA-A*02:01,YVDRFYKTL,2291.93193656673,NO
HLA-A*02:01,LVGPTPVNI,1959.47202082171,NO
HLA-A*02:01,ALVEICTEM,1424.87046632124,NO
HLA-A*02:01,SLLNATAIAV,980.163360560093,NO
HLA-A*02:01,FLGKIWPSYK,735.901182265381,NO
HLA-A*02:01,YTAFTIPSI,661.902971041745,NO
HLA-A*02:01,RILQQLLFI,601.334210279057,NO
HLA-A*02:01,VLEWRFDSRL,530.263387406245,NO
HLA-A*02:01,PLTFGWCYKL,421.052631578947,NO
HLA-A*02:01,AIIRILQQL,382.307963768968,NO
HLA-A*03:01,ILKEPVHGV,379.663199268119,NO
HLA-A*03:01,LVGPTPVNI,358.012250767088,NO
HLA-A*03:01,SLYNTVATL,355.525285203474,NO
HLA-A*02:01,VIYQYMDDL,311.004784688995,NO
HLA-A*03:01,PLTFGWCYKL,275.941052631579,NO
HLA-A*02:01,LTFGWCFKLV,249.822149542208,NO
HLA-A*02:01,RGPGRAFVTI,189.100675555312,NO
HLA-A*03:01,YVDRFYKTL,172.9982874917,NO
HLA-A*03:01,KLTPLCVTL,154.002066608378,NO
HLA-A*03:01,RGPGRAFVTI,137.830009654759,NO
HLA-A*03:01,RILQQLLFI,106.803731455368,NO
HLA-A*03:01,LTFGWCFKLV,74.2857142857143,NO
HLA-A*03:01,VLEWRFDSRL,51.2,NO
HLA-A*03:01,VIYQYMDDL,49.0046620951156,NO
HLA-A*03:01,AIIRILQQL,35.2563407172767,NO
HLA-A*03:01,ALVEICTEM,34.3038908928367,NO
HLA-A*03:01,YTAFTIPSI,33.7300446539796,NO
HLA-A*03:01,SLLNATAIAV,18.7511510193148,NO
HLA-A*03:01,VLAEAMSQV,15.2308562642336,NO
